007!users.noreply.github.com Ryan Moore
126021+ash2k!users.noreply.github.com Mikhail Mazurskiy
1278146756!qq.com Tony-CCIE
15192504+frederimandin!users.noreply.github.com Frederi Mandin
2ffs2nns!gmail.com Eric Hoffmann
30410021+stewart-yu!users.noreply.github.com Stewart-YU
30670611+cliffburdick!users.noreply.github.com Cliff Burdick
30678878+lcfang!users.noreply.github.com Tree-fang
30897305+hanxiaoshuai!users.noreply.github.com hanxiaoshuai
30914745+clement-buchart!users.noreply.github.com clement-buchart
31899264+erikbsap!users.noreply.github.com erikbsap
4406arthur!gmail.com ArthurMa
7327188+mohamed-mehany!users.noreply.github.com Mohamed Mehany
aaron.peschel!gmail.com Aaron Peschel
abejideayodele!gmail.com bjhaid
abhinavdtu2012!gmail.com Abhinav Dahiya
adam.hamsik!chillisys.com Adam Hamsik
adam.schepis!gmail.com Adam Schepis
adnt587!gmail.com MengZnLee
adrukh!users.noreply.github.com Anton Drukh
adyromantika!users.noreply.github.com Ady Romantika
agentgreen!gmail.com ag237
ahmet.kizilay!gmail.com Ahmet Kizilay
aim!frobware.com Andrew McDermott
alex.sitnik!gmail.com Alexander Sitnik
alexander.brandstedt!ea.com Alexander Brandstedt
alexandrst88!gmail.com alexandrst88
alexrbarnes!gmail.com AlexB138
alon!argus-sec.com Alon Lavi
amanda!darkdna.net Amanda Cameron
amitkumarj441!gmail.com Amit Kumar Jaiswal
anatoli!rainforce.org Anatoli Babenia
andre.m.l.freitas!gmail.com Andre Freitas
andre.marschalek!outlook.com Andre Marschalek
andre!brpx.com André Cruz
andybons!gmail.com Andrew Bonventre
anonymuse!gmail.com Jesse White
anthonymfoerster!gmail.com Tony Foerster
anuraaga!gmail.com Anuraag Agrawal
aprativadi!gmail.com Abhinandan Prativadi
arno.uhlig!gmail.com Arno Uhlig
arthurbalfredo!gmail.com Arthur
askon23!gmail.com Anton
atze.devries!naturalis.nl AtzeDeVries
aviratverma11!gmail.com avirat28
ayrat.khayretdinov!gmail.com Ayrat KHAYRETDINOV
balagurov!gmail.com Valery Balagurov
barrett.harber!gmail.com Barrett K. Harber
bartebor!wp.pl Bartosz Borkowski
bashofmann!gmail.com Bastian Hofmann
bates!jetstack.io Matthew Bates
bbriggs!users.noreply.github.com Bren Briggs
bestak47!gmail.com Alexander Chumakov
bhack!users.noreply.github.com bhack
bksteiny!users.noreply.github.com Chris Stein
blair1226!gmail.com Kenblair1226
boazyan!gmail.com Boaz Yaniv
bob!veznat.com Bob Van Zant
bradamant3!users.noreply.github.com Jennifer Rondeau
bruno!bronosky.com Bruno Bronosky
bubblenut!gmail.com Rob Young
budhrg!users.noreply.github.com Budh Ram Gurung
calin.don!gmail.com Calin Don
caniszczyk!gmail.com Chris Aniszczyk
capestany!gmail.com Paul Capestany
carrodher1179!gmail.com Carlos Rodríguez Hernández
casey!monax.io Casey Kuhlman
catherinec!fair.com Catherine Cai
cboggs!users.noreply.github.com Cody Boggs
ce.gao!outlook.com Ce Gao
cedric.lamoriniere!gmail.com Cedric Lamoriniere
ceridwen!users.noreply.github.com Ceridwen
cgurnik!users.noreply.github.com Craig Gurnik
chandanmadhesia!gmail.com chandanmad
chaowang95!outlook.com Wang
chenguoyan01!baidu.com chenguoyan01
chenpeng!ghostcloud.cn Chen Peng
chenxingyu!qiniu.com Chenxingyu
chlunde!ifi.uio.no Carl Henrik Lunde
chris.koehnke!gmail.com Chris Koehnke
chris!chrismoos.com Chris Moos
chris!soundshare.co.uk Chris Stryczynski
chrismytton!gmail.com Chris Mytton
christophernathanielwalker!gmail.com Christopher Walker
cieni!users.noreply.github.com José Carlos Cieni Júnior
clairew!users.noreply.github.com clairew
codyjtclark!gmail.com Cody Clark
colin1124x!gmail.com colin
core!futurequest.net core
crismar.mejia!gmail.com Crismar Mejia
cs15btech11007!iith.ac.in Ayush Pateria
cyril.bonte!oxalide.com Cyril Bonté
dale.tristram!sprinthive.com Dale Tristram
dan.isla!gmail.com Dan Isla
dan!covalent.io Dan Wendlandt
daniel.bryant!tai-dev.co.uk Daniel Bryant
danielmschmidt92!gmail.com Daniel Schmidt
dave.purrington!gmail.com Dave Purrington
david!davidwelch.co David Welch
david!porter.me David Porter
davithomas!lonc02rw2h8g8wl.sea.corp.expecn.com David Thomas
deinspanjer!gmail.com Daniel Einspanjer
deirdre.storck!gmail.com Deirdre Storck
deni!denibertovic.com Deni Bertovic
denisbiondic!hotmail.com DenisBiondic
denverdino!gmail.com Li Yi
devipriyasarkar96!gmail.com Devipriya Sarkar
dimes!j14s.com j14s
dino.hensen!gmail.com Dino Hensen
dirbaio!dirbaio.net Dario Nieuwenhuis
djb44!psu.edu Dann Bohn
djsd123!users.noreply.github.com Mikael
dlackty!gmail.com Richard Lee
dmargrave!users.noreply.github.com d margrave
dmyerscough!users.noreply.github.com Damian Myerscough
dobrien.nj!gmail.com Dan O'Brien
donovan_aaron!bah.com amdonov
du!njtech.edu.cn du
duanyue!ghostcloud.cn duan-yue
dunglas!gmail.com Kévin Dunglas
dverlee!resolutebi.com Derek VerLee
ebabani!gmail.com Ergin Babani
eben!honeycomb.io Eben Freeman
ed!nuxi.nl Ed Schouten
emanic!users.noreply.github.com emanic
emm.odeke!gmail.com Emmanuel Odeke
erhudy!users.noreply.github.com Edmund Rhudy
erick.tryzelaar!gmail.com Erick Tryzelaar
evgeny.shmarnev!gooddata.com Evgeny Shmarnev
fabioromm!gmail.com Fábio Maia
fangyuhao!xiaomi.com fangyuhao
fengxueyu35!126.com Malcolm Lee
flamur.gogolli!gmail.com fgogolli
flyer103!gmail.com flyer103
frederikns!gmail.com Frederik Nordahl Jul Sabroe
freemaneben!gmail.com Eben Freeman
frieder!paape.io Frieder Paape
fsco_v-github!yahoo.it Francesco Vasco
futuresharks!gmail.com Max Williams
g.kutsurua!gmail.com Georgiy Kutsurua
g.saslis!gmail.com Yorgos Saslis
gamename!users.noreply.github.com Tennis Smith
gardlt!tetrasol.org gardlt
gdmello!users.noreply.github.com gdmello
gekart!users.noreply.github.com Grischa Ekart
georgebuckerfield!gmail.com georgebuckerfield
git!jasonpoon.ca Jason Poon
git!johnko.ca John Ko
github!eneticum.de Robert Schuh
github!fordhaminc.com Adam Fordham
github!hestia.cc Ivan Towlson
github!invincibleinfra.com Sam Manzer
github!lammy.co.uk Alexander Lamaison
github!ryanwalls.com Ryan Walls
glarrain!users.noreply.github.com Germán Larraín
gregory_storme!hotmail.com Gregory Storme
grizzly.nyo!gmail.com Gabi Davar
guyjtempleton!googlemail.com Guy Templeton
gytis!xperious.com Gytis
haavar.e!gmail.com Håvar Eggereide
harryge!qq.com harryge00
hazim_malik!hotmail.com Hazim
hben592!gmail.com Howie Benefiel
hblanks!artifex.org Hunter Blanks
hello!acotten.com Antoine Cotten
hello!andrewhowden.com Andrew Howden
henrik!loodse.com Henrik Schmidt
heshoots9999!gmail.com Max Prettyjohns
hobti01!users.noreply.github.com Tim H
hsn.zamani!gmail.com Hassan Zamani
hugues!betabrand.com Hugues Alary
hunter!users.noreply.github.com Hunter Nield
ianfisk!users.noreply.github.com Ian Fisk
icraciunescu!gmail.com Ionut Craciunescu
idealhack!gmail.com Yang Li
igor!rockset.io Igor Canadi
internationalhobo!gmail.com JR
ipeacocks!gmail.com Yurii Bychenok
irinaandronachi!users.noreply.github.com IrinaAndronachi
jad.chamoun!gmail.com Jad Chamoun
james.a.munsch!gmail.com James Munsch
james.keogh!cambridgeconsultants.com James Keogh CCL
james!federacy.com James Sulinski
jay!kodewerx.org Jay Oster
jdbjunior!gmail.com Jose Donizetti
jdolitsky!gmail.com Josh Dolitsky
jean-pierre.huynh!ounet.fr Jean-Pierre Huynh
jean!raby.sh Jean Raby
jflory7!users.noreply.github.com Justin W. Flory
jgrafton+github!gmail.com Jeff Grafton
jimmy.zelinskie+git!gmail.com Jimmy Zelinskie
jlzhao27!gmail.com Jason Zhao
jmillikin!stripe.com John Millikin
joar!wandborg.se Joar Wandborg
joe!heptio.com Joe Beda
joel.speed!hotmail.co.uk Joel Speed
johan.hubens!oliver-it.nl Johan Hubens
john.n.laswell!gmail.com John Laswell
john.zeringue!twosigma.com John Zeringue
jolcese!ssni.com Jose Olcese
jonny.mosco!gmail.com Jon Mosco
joonas!bergi.us Joonas Bergius
joost.h.hofman!gmail.com Joost Hofman
jordanthelewis!gmail.com Jordan Lewis
jovofdt!gmail.com jorianvo
jp!moogsoft.com Jean-Pierre Huynh
jroggeman!users.noreply.github.com Joel Roggeman
jroncero!gmail.com Jesús Roncero
jrondeau!heptio.com JENNIFER RONDEAU
jrperritt!gmail.com jrperritt
julia!stripe.com Julia Evans
julian.poschmann!lancom.de Julian Poschmann
julian!simioni.org Julian Simioni
junaid18183!gmail.com Juned Memon
junaidali.yahya!gmail.com Junaid Ali
justin!jburnham.net Justin Burnham
kaitlynbarnard10!gmail.com Kaitlyn Barnard
kargakis!protonmail.ch Michail Kargakis
kashifsaadat!gmail.com Kashif Saadat
kelveden!gmail.com Alistair Dutton
kenan3015!gmail.com adolphlwq
kernelpanek!users.noreply.github.com Richard Panek
kessiler!users.noreply.github.com Kessiler
kevinmichaelschumacher!gmail.com Kevin Schumacher
kfirstar!gmail.com Kfir Strikovsky
khris.richardson!gmail.com Khris Richardson
kim.andrewsy!gmail.com andrewsykim
klizhentas!gmail.com Sasha Klizhentas
kokaipeter!gmail.com Kokan
konraddjimeli!gmail.com djkonro
krosan!gmail.com Andreas Evers
lanchongyizu!gmail.com Jamie Zhuang
lars.lehtonen!gmail.com Lars Lehtonen
lastpixl!users.noreply.github.com Xavier Mehrenberger
laurens.vanderhoven!gmail.com Laurens Vanderhoven
ldemailly!gmail.com Laurent Demailly
lefevre.kevin!gmail.com Kevin Lefevre
leif!leifmadsen.com Leif Madsen
lg4869!outlook.com lg
lh!linux.com Luke Heidecke
lhampe!users.noreply.github.com Lukas
lightcode!users.noreply.github.com Matthieu
liquidnuker!gmail.com leoh0
livio!arleo.net lostlivio
liz!lizrice.com Liz Rice
lo!linux.com Lorenzo Fontana
locriani!gmail.com Zach Gardner
loic.frering!gmail.com Loïc Frering
lpabon!users.noreply.github.com Luis Pabón
lsowen!s1network.com lsowen
luke.heidecke!gmail.com Luke Heidecke
lwander!users.noreply.github.com Lars Wander
m.h.needham!gmail.com Mark Needham
m.krasilnikov!propellerads.net mkrasilnikov
m!ocado.com Mike Bryant
m!zmlka.com Martin Zemlicka
magnon!bliex.com magnon-bliex
mail!saschaschmidt.net Sascha Marcel Schmidt
mak.krasilnikov!gmail.com Maxim Krasilnikov
marcelo.grebois!daimler.com Marcelo Grebois
mark!bakedbeans.com Mark Snelling
markus.padourek!gmail.com Markus Padourek
martin.joehren!esailors.de Martin Joehren
martin.udden!gmail.com Martin Uddén
martin!etmajer.com Martin Etmajer
maruf!appscode.com Abdullah Al Maruf - Tuhin
mathspanda826!gmail.com mathspanda
matlan!amazon.com Matt Landis
matth.maq!gmail.com Matthieu Maquevice
matthew.huxtable!sparx.co.uk Matthew Huxtable
matthew.mosesohn!gmail.com Matthew Mosesohn
matturner!gmail.com Matt Turner
max!laverse.net Max Laverse
maxime.guyot!elits.com Maxime Guyot
mbertschler!gmail.com Martin Bertschler
mccullya!gmail.com BoySherman
me!ataylor.io Aaron Taylor
me!darkowlzz.space Sunny
me!imkira.com Kira
me!patricklucas.com Patrick Lucas
me!philingrey.com Philip Ingrey
me!tobin.cc tcharding
miadabrin!outlook.com Miad Abrin
micahhausler!users.noreply.github.com Micah Hausler
migueldavid!gmail.com Miguel David
mihnjong!gmail.com Michael Mihn-Jong Lee
mike!brevoort.com Mike Brevoort
mike!luedkes.com mluedke
mike!sticknet.net Michael Smith
mike!vorburger.ch Michael Vorburger ⛑️
miles.fricker!gmail.com Miles Fricker
milosz!adfin.com Milosz Tanski
mingzhaodotname!users.noreply.github.com Ming Zhao
miouge1!users.noreply.github.com Miouge1
miouge!gmail.com Miouge1
miyurz!users.noreply.github.com Miyurz
mkuchin!gmail.com Max Kuchin
mkumatag!users.noreply.github.com Manjunath A Kumatagi
mlety2!gmail.com Matthew Jones
mr.evolution85!gmail.com Luca Berton
mrballcb!gmail.com Todd Lyons
mrunal!localhost.localdomain Mrunal Patel
msvbhat!gmail.com M S Vishwanath Bhat
mterry!ea.com Matt Terry
muralimmreddy!gmail.com Murali Reddy
n.hirsim!gmail.com Hiroshi Nomura
nafets227!users.noreply.github.com Stefan Schallenberg
nathan!neocortical.net Nathan Smith
netroby!users.noreply.github.com netroby
nfranzen+github!gmail.com Nate Franzen
nic!amazon.com Nick Turner
nico.marcq!gmail.com nico
niels-ole.kuehl!flixbus.com Niels-Ole Kühl
nielslensink!gmail.com Niels
nielsole.kuehl!gmail.com nielsole
niklas.wik!iki.fi Niklas Wik
niko.kurtti!shopify.com n1koo
noahhuppert!gmail.com Noah Huppert
nonymus!users.noreply.github.com Julian Poschmann
nrvale0!users.noreply.github.com Nathan Valentine
ntcong!users.noreply.github.com Cong Nguyen
officialdanielhunter!gmail.com Daniel Hunter
olivier.grisel!ensta.org Olivier Grisel
olmoser!users.noreply.github.com Oliver Moser
orr!pushapps.mobi Orr Chen
overdrigzed!gmail.com Rodrigo Queiro
ozimokoleg!gmail.com Oleh Ozimok
p.loffay!gmail.com Pavol Loffay
palade.ionut!gmail.com Victor Palade
patrik.sundberg!gmail.com sundbp
plaintext!andromedarabbit.net Jaehoon Choi
pmint93!users.noreply.github.com Eric
podnov!gmail.com Evan Zeimet
poweld!gmail.com Dave Powell
prachetas.github!gmail.com Prachetas Prabhu
prune!lecentre.net Prune Sebastien THOMAS
ptypelambda!gmail.com typelambda
q3aiml!gmail.com Andy Clayton
qrevel!nottle.fr Quentin Revel
r!inven.io rushtehrani
radek!dataminelab.com Radek Maciaszek
radhika.dwaraka!gmail.com Radhika Puthiyetath
raffaele.spazzoli!gmail.com raffaelespazzoli
rajiteh!gmail.com Raj Perera
rbwsam!gmail.com Sam Leavens
reen.lokum!gmail.com Reen Lokum
renaud.gaubert!gmail.com Renaud Gaubert
researchiteng!users.noreply.github.com ReSearchITEng
rjkernick!gmail.com Rob Kernick
rmcnamara!palantir.com Ryan McNamara
rohitsharma9204!gmail.com Rohit Sharma
rolice!intellisys.info Lyubomir Gardev
rootsongjc!gmail.com Jimmy Song
rpercy!gmail.com Robin Percy
rreackhof!rmn.com Remington Reackhof
ruben!rocketeer.be Ruben Vermeersch
rush.tehrani!gmail.com Rush Tehrani
ryan!espressive.com Ryan Moore
ryan!rcorre.net Ryan Roden-Corrent
ryanhartje!users.noreply.github.com Ryan Hartje
ryanmcginnis!users.noreply.github.com Ryan McGinnis
ryuzo.yamamoto!gmail.com Ryuzo Yamamoto
s.rabot!lectra.com Sylvain Rabot
s1499k005!gmail.com Kyle Bai
sam.clinckspoor!gmail.com Sam Clinckspoor
samgiles!users.noreply.github.com Samuel Giles
sampowers!gmail.com Sam Powers
samuel.diongirardeau!gmail.com Samuel Dion-Girardeau
samuel.t.brown!gmail.com Samuel Brown
samuelmanzer!users.noreply.github.com Sam Manzer
sathiyas!users.noreply.github.com Sathiya Shunmugasundaram
satyam.zode!cloudbyte.com Satyam Zode
sean.clemmer!greenhouse.io Sean Clemmer
sean.slattery203!gmail.com Sean Slattery
sebastien.coutu!gmail.com Sebastien Coutu
sebastien.errien!gmail.com Errien
sebastien!emmene-moi.fr Emmene-moi
sebastienvas!users.noreply.github.com Sebastien Vas
sergeylanz!gettaxi.com Sergey Lanzman
sergio.m.calzada!gmail.com sergiomcalzada
sergio.moreno.calzada!everis.com Sergio Moreno
shadycuz!gmail.com Levi
sharnoby3!gmail.com Sharno
shashank.pradhan!datadoghq.com Shashank
shenshouer51!gmail.com sope
shiftky!users.noreply.github.com Yuki KIRII
shimin.guo!mixpanel.com Shimin Guo
simon.j.head!gmail.com nomis2k
sivasamyk!gmail.com Sivasamy Kaliappan
smugcloud!users.noreply.github.com Nick Leli
snorre.edwin!gmail.com Snorre Lothar von Gohren Edwin
spam!chaffin.ch Benedict Hartley
spike!spikecurtis.com Spike Curtis
steelecb+kops!gmail.com Steele Clifton-Berry
stefano.galeano!gmail.com stefano9o
steffenschmitz!hotmail.de Steffen Schmitz
stephan.van.ellewee!gmail.com Stephan van Ellewee
steve.coffman!ithaka.org Steve Coffman
steve!sgmitchell.net sgmitchell
stevenson.sharp!gmail.com Steve Sharp
stuartgrice!users.noreply.github.com Stuart Grice
sumitvij11+github!gmail.com Sumit Vij
sylvain.witmeyer!gmail.com Sylvain WITMEYER
tadas.subonis!gmail.com Tadas Šubonis
talyaflowers1!gmail.com TalyaF
tamird!gmail.com Tamir Duberstein
teddy!schmitz.hk Teddy Schmitz
teleyic!gmail.com linzhaoming
theolaf!gmail.com Drew Rapenchuk
thomas.b.jackson!gmail.com Tom Jackson
tigerlinux!gmail.com Reinaldo Martinez
timothee.faure!cegetel.net timtoum
tinysong1226!gmail.com timmysong
tizhou1986!gmail.com Ti Zhou
to_sud!yahoo.com sudr
tomasz.prus!gmail.com Tomasz Prus
torben!tretau.net Torben Tretau
torvitas!users.noreply.github.com Sascha Marcel Schmidt
touchdown!users.noreply.github.com Tony Zhao
travis.haagen!gmail.com travishaagen
tscolari!gmail.com Tiago Scolari
tvanhens!gmail.com Tyler van Hensbergen
tyler!cryptio.net Tyler Roscoe
ultimateboy!users.noreply.github.com Matt Tucker
v.kozyrev.sa!gmail.com Vladimir Kozyrev
vagees!gmail.com sathiyas
vainikkaj!gmail.com Juha Vainikka
valentyn!greenhouse.io Valentyn Boginskey
victor.sartori!gmail.com Victor Sartori
vitaliytv!nitra.ua Vitaliy Tverdokhlib
vkamra!kasten.io Vaibhav Kamra
vladimirvivien!users.noreply.github.com Vladimir Vivien
wanglei2!qiniu.com u2takey
wbuchwalter!gmail.com William Buchwalter
weekface!gmail.com weekface
whereismyjetpack!users.noreply.github.com Dann
whyis4ever!gmail.com liaoyw
will!autonomic.ai Will Tran
william.allen!civitaslearning.com wallentx
wjin.cn!gmail.com Wei Jin
wlh834532254!qq.com WanLinghao
wulihua0!gmail.com wulihua
xana4ok!gmail.com Alexander Prokopyev
xiaosuiba!gmail.com 打雷不怕
yagonobre!users.noreply.github.com Yago Nobre
yhlou!travelsky.com Yihua Lou
yuejinming!wanda.cn supereagle
zach!corleissen.com zacharysarah
zackproser!gmail.com Zack Proser
zhangjie0619!yeah.net zhangjie
zhangningmin!wanda.cn zhangningmin
zhangxingcai!ghostcloud.cn Xingcai Zhang
zhangzhenhao!outlook.com zhangzhenhao
zhaoziqi!qiniu.com Ziqi Zhao
zhouhan315!gmail.com hanks
zig_max!hotmail.com zigmax
zjsxzong89!gmail.com drinktee
zs1379!qq.com xiaoy